'1Custom Apex Ti' : [apexti]
'1Custom PM01' : [1 custom pm-01]
'1MORE ColorBuds 2' : [1more colorbuds 2]
'1MORE ComfoBuds Pro' : [1more comfobudspro, 1more comfobudsprooff]
'1MORE Evo' : [1more evo]
'1MORE Piston Classic' : [1more pistonclassic]
'1MORE Quad Driver' : [1more quad driver, oratory 1more quad driver]
'1MORE Single Driver' : [oratory 1more single driver, 1more single driver]
'1MORE Triple Driver' : [1more triple driver, oratory 1more triple driver ltng]
'4-Acoustic Harmonie' : [2p, 4acoustic harmonie]
'4-Acoustic Melodie' : [melodie]
'4-Acoustic Symphonie' : [4p, 4acoustic symphonie]
'4-Acoustic Unison' : [4acoustic unison]
'55Hz J1234s' : [j1234s]
'55Hz J1s' : [j1b, j1s]
'55Hz J2b' : [j2b]
'55Hz J2s' : [j2s]
'55Hz J3b' : [j3b]
'55Hz J3s' : [j3s]
'55Hz J4b' : [j4b]
'55Hz J4s' : [j4s]
'64 Audio A12t' : [oratory 64 audio a12t, 64 audio a12t, oratory t64 audio a12t]
'64 Audio Duo' : [64 audio duo, 64audio duo]
'64 Audio Fourte' : [64 audio fourte]
'64 Audio Fourte Blanc' : [64 audio fourte blanc]
'64 Audio Fourte Noir' : [64 audio fourte noir]
'64 Audio N8' : [oratory 64 audio n8, 64 audio n8]
'64 Audio Nio' : [64 audio nio]
'64 Audio Tia Fourte' : [64 audio tia fourte]
'64 Audio Tia Trio' : [64 audio tia trio]
'64 Audio Trio' : [64 audio trio, 64audio trio]
'64 Audio U12t' : [64 audio u12t, 64audio u12t]
'64 Audio U12t FIR Black' : [64 audio u12t fir black]
'64 Audio U12t FIR Red' : [64 audio u12t fir red]
'64 Audio U18s' : [64 audio u18s]
'64 Audio U18t' : [64 audio u18t]
'64 Audio U4s' : [64 audio u4s]
'64 Audio U6t' : [64 audio u6t]
'7Hz Eternal' : [7hz eternal]
'7Hz i-77' : [7hz i77]
'7Hz i88' : [7hz i88]
'7Hz i88 Mini' : [7hz i88 mini]
'7Hz Legato' : [7hz legato]
'7Hz Salnotes Dioko' : [salnotes dioko, resolve 7hz salnotes dioko gras, 7hz dioko, 7hz salnotes dioko, 7hz x crinacle dioko, 7hz x crinacle salnotes dioko, dioko]
'7Hz Salnotes Zero' : [salnotes zero, resolve 7hz salnotes zero gras, oratory 7hz salnotes zero, 7hz salnotes zero, 7hz zero, 7hz zero mecha]
'7Hz Timeless' : [resolve 7hz tmeless gras, oratory 7hz timeless, 7 hertz timeless, 7hertz timeless, 7hz planar, 7hz timeless]
'7Hz Timeless AE' : [7hz timeless ae]
'7th Acoustic Pro-1' : [7a pro1, pro1]
'7th Acoustic Prototype-3' : [proto3ba]
'7th Acoustic Proxima' : [7th acoustics proxima, 7th proxima]
'7th Acoustic Stargazer 1' : [7a sg1]
'7th Acoustic Stargazer 3' : [7th acoustics stargazer 3]
'7th Acoustic Stargazer EST 7' : [7a est7]
'7th Acoustic Supernova' : [7th acoustics supernova, 7th supernova]
'AAW Halycon' : [aaw halycon, halycon]
'AAW Mockingbird' : [aaw mockingbird]
'Acoustune HS1650CU' : [acoustune hs1650cu]
'Acoustune HS1670SS' : [acoustune hs1670ss]
'Acoustune HS2000MX' : [hs2000mx]
'Acoustune HS2000MX MKII' : [acoustune hs2000mx mkii]
'Acoustune RS ONE' : [acoustine rs one, acoustune rs one, acoustune rs1]
'Advanced Sound S2000' : [advanced s20009]
'AFUL Acoustics Band 5 Pro' : [afb5, aful band 5]
'AFUL Acoustics Band 8 Pro' : [aful band 8]
'AFUL Acoustics Performer 5' : [aful acoustics performer 5, aful acoustics performer5, aful perf 5, aful performer 5, aful performer5]
'Aiderlot M5' : [aiderlot m5]
'Aiderlot M5 Pro' : [aiderlot m5 pro]
'Air Canada Earphones' : [air canada earphones]
'Airline Freebuds ANA Airline' : [ana airline freebud]
'AKG 3003' : [oratory akg k3003, akg k3003]
'AKG K371' : [akg 371, akg k371]
'AKG N20' : [oratory akg n20, akg n20]
'AKG N200' : [akg n200]
'AKG N400' : [akg n400, oratory akg n400]
'AKG N5005' : [akg n5005, oratory akg n5005]
'AKG S8 EO-IG955' : [akg eo]
'Akoustyx R-120' : [akoustyx r-120]
'Akoustyx R-220' : [akoustyx r-220, oratory akoustyx r-220]
'Akoustyx S-6' : [akoustyx s-6]
'Akros Eramus' : [akros erasmus 11]
'Allway OE10' : [allway oe10]
'Alpex HR-4000' : [alpex hr-4000]
'Alpex HSE-A2000' : [alpex hse-a20009]
'Altec Lansing iM716' : [altec im716bass, altec im716hd]
'Amazon Echo Buds' : [oratory amazon echo buds, amazon echo buds]
'Ambient Dynamics AD-006' : [ambient dynamics ad-006]
'Anew U1' : [anew u1]
'Anker Life Dot 3i' : [anker life dot 3i]
'Anker Life Note 3i' : [anker life note 3i]
'Anker Soundcore G2' : [g2]
'Anker Soundcore Liberty 2 Pro' : [oratory anker soundcore liberty 2 pro, anker soundcore liberty 2 pro]
'Anker Soundcore Liberty Air 2' : [oratory anker soundcore liberty air 2, anker soundcore liberty air 2]
'Antlion Audio Kimura Duo' : [antlion kimura duo]
'Antlion Audio Kimura Solo' : [antlion kimura solo]
'Apple AirPods Pro' : [apple airpods pro]
'Apple AirPods Pro 2' : [apple airpods pro 2]
'Apple MA850G/A' : [apple ma850ga]
'Apple ME186' : [apple me186, oratory apple me186 in-ear headphones]
'Aroma Jewel' : [aroma jewel, aroma jewel2]
'Aroma Thunder' : [aroma thunder]
'Artio CR-S1' : [artio cr-s1]
'Ashida EA-HF1' : [ashida ea-hf1]
'Astell & Kern Odyssey' : [astell kern odyssey]
'Astell & Kern Pathfinder' : [ak pathfinder]
'Astell & Kern Solaris X' : [astell & kern solaris x]
'Astell & Kern UW100' : [astell n kern uw100]
'Astell & Kern Zero 1' : [ak zero1, astell n kern ak zero1]
'Astrotec Vesna' : [astrotec vesna]
'at.Q AT-ES11' : [atq at-es11]
'Audeze CRBN' : [audeze crbn]
'Audeze Euclid' : [audeze euclid, oratory audeze euclid]
'Audeze iSine 10' : [oratory audeze isine 10, audeze isine 10]
'Audeze iSine 20' : [oratory audeze isine 20, audeze isine 20]
'Audeze iSine LX' : [audeze isine lx]
'Audeze LCD-2' : [audeze lcd-2]
'Audeze LCD-5' : [audeze lcd-5]
'Audeze LCD-X' : [audeze lcd-x]
'Audeze LCD-XC' : [audeze lcd-xc]
'Audio Ehhiku' : [audio ehiku]
'Audio Technica ATH-ANC300TW' : [audio-technica ath-anc300tw]
'Audio Technica ATH-ANC900BT' : [audio-technica ath-anc900bt]
'Audio Technica ATH-CKN50' : [audio-technica ath-ckn50, oratory audio-technica ath-ckn50]
'Audio Technica ATH-CLR100' : [ath clr100]
'Audio Technica ATH-SPORT5TW' : [at ath-sport5tw]
'Audiosense AQ0' : [audiosense aq0]
'Audiosense AQ4' : [audiosense aq4]
'Audiosense AQ7' : [audiosense aq7]
'Audiosense DT100' : [audiosense dt100]
'Audiosense DT100S' : [audiosense dt100s]
'Audiosense DT200' : [audiosense dt200, dt200]
'Audiosense DT300' : [audiosense dt300]
'Audiosense DT600' : [audiosense dt600]
'Audiosense Hekili' : [audio hekili, hekili]
'Audiosense Lokahi' : [audio lokahi, lokahi]
'Audiosense T100' : [audiosense t100]
'Audiosense T180' : [audiosense t180, audiosense t180 pro]
'Audiosense T800' : [audiosense t800, audiosense t8009]
'Auglamour F300' : [auglamour f300, oratory auglamour f300]
'Auglamour F300 Light' : [augl f300light]
'Auglamour RT-3' : [auglamour rt-3]
'Auglamour T100' : [auglamour t100]
'Aukey EP-B44' : [aukey ep-b44]
'Aune Jasper' : [aune jasper]
'Aur Audio Allure' : [aur audio allure]
'Aur Audio Duet Plus' : [aur audio duet plus]
'Aur Audio Neon' : [aur audio neon]
'Aur Audio Neon Pro' : [aur audio neon pro]
'Auriosonics ASG 2.5' : [asg 25]
'Aurisonics ASG-2' : [aurisonics asg 2]
'Avara AV3' : [avara av3]
'AXS Audio Pro Earbuds' : [axs audio pro earbuds]
'AZLA Azel' : [azla azel]
'Bamboo Forest Bird Jinghong' : [bamboo forest bird jinghong]
'Bamboo Forest Bird Zhu Skylark' : [bamboo forest bird zhu skylark]
'Bang & Olufsen Beoplay H95' : [bang & olufsen beoplay h95]
'BASN Bmaster 2nd Gen' : [basn bmaster 2nd]
'BASN MMCX' : [basn mmcx]
'BASN MTPro' : [basn mtpro]
'Beats Fit Pro' : [beats fit pro]
'Beats Powerbeats Pro ' : [apple powerbeats pro, beats powerbeats pro, oratory beats powerbeats pro]
'Beats Studio Buds' : [beats studio buds, oratory beats studio buds]
'Beemix Pisces' : [beemix pisces]
'Behringer SD251-BT' : [sd251-bt]
'Bellos Audio X5' : [ciembellosx5]
'Beyerdynamic Blue BYRD' : [beyerdynamic blue byrd, oratory beyerdynamic blue byrd]
'Beyerdynamic DT990' : [beyerdynamic dt990]
'Beyerdynamic Xelento' : [oratory beyerdynamic xelento, beyerdynamic xelento]
'Beyerdynamic Xelento 2. Gen' : [beyerdynamic xelento 2. gen]
'BGVP ArtMagic DH3' : [bgvp dh3]
'BGVP ArtMagic ES12' : [bgvp es12]
'BGVP ArtMagic VG4' : [bgvp vg4]
'BGVP DH5' : [bgvp dh5]
'BGVP DM6' : [bgvp dm6]
'BGVP DM7' : [bgvp dm7]
'BGVP DM8' : [bgvp dm8]
'BGVP DMG' : [bgvp dmg, bgvp dmgbk9, oratory bgvp dmg]
'BGVP DN2' : [bgvp dn2]
'BGVP DN3' : [bgvp dn3, dn3]
'BGVP DX6' : [earbuds - bgvp dx6]
'BGVP Melody' : [bgvp melody]
'BGVP NE5' : [bgvp ne5]
'BGVP NS10' : [bgvp ns10]
'BGVP NS9' : [bgvp ns9]
'BGVP Scale' : [bgvp scale]
'BGVP SGZ-DN1S' : [bgvp sgz-dn1s]
'Binaryacoustic Void' : [binaryacoustic void]
'Blon A7' : [blon a72]
'Blon A8 Prometheus' : [blon a8, blon a8 prometheus, blon bl-a8, blon bl-a8v2]
'Blon B20' : [blon b20]
'Blon B50' : [blon bl50]
'Blon BL-01' : [oratory blon bl-01, blon 01, blon bl-01, blon bl01, blon bl01v2]
'Blon BL-03' : [oratory blon bl-03, blon 03, blon 03x, blon 03xx, blon bl-03, blon bl03, blon_03_busmod]
'Blon BL-05' : [blon 05, blon bl-05, blon bl05]
'Blon BL-05S' : [blon bl-05s, blon bl05s, blon xa, blon xb]
'Blon BL-07' : [blon 07 b, blon 07a, blon b72, blon bl07]
'Blon BL-B60' : [blon b60, blon b60 tape, blon headphones]
'Blon BL-Max' : [blon bb, blon bl max, blon bl-max, blon max]
'Blon BL-Mini' : [blon bl-mini, blon mini, blon miniv2]
'Blon Fat Girl' : [blon fat girl, blon fatgirl9]
'Blon T1' : [blon t1]
'Blon T3' : [blon t3]
'Blon Z200' : [blon z200]
'Blon Z300' : [blon x hbb z300]
'Blur OFC mx64' : [blur mx64]
'Bonako Royole' : [bonako royole]
'Bose IE2' : [bose ie2]
'Bose QuietComfort 20' : [bose quietcomfort 20, oratory bose quietcomfort 20]
'Bose QuietComfort 30' : [bose qc30]
'Bose QuietComfort Earbuds' : [bose qc earbuds]
'Bose SoundSport Free' : [bose soundsport free, oratory bose soundsport free]
'Bose SoundSport Wireless' : [bose soundsport wireless, oratory bose soundsport wireless]
'Bowers & Wilkins C5 Series 2' : [bowers & wilkins c5 series 2, oratory bowers & wilkins c5 series 2]
'BQEYZ Autumn' : [bqeyz autum, bqeyz autumn]
'BQEYZ K1' : [bqeyz k1, bqeyz kb19]
'BQEYZ K2' : [bqeyz k2]
'BQEYZ KB1' : [bqeyz kb1]
'BQEYZ KB100' : [bqeyz kb100]
'BQEYZ KC2' : [bqeyz kc2]
'BQEYZ Spring 1' : [bqeyz spring 1]
'BQEYZ Spring 2' : [bqeyz spring 2]
'BQEYZ Summer' : [bqeyz summer]
'BQEYZ Topaz' : [bqeyz topaz]
'BQEYZ Winter' : [bqeyz winter]
'Brainwavz Koel' : [brainwavz koel]
'Brainwavz M5' : [brainwavz m5, oratory brainwavz m5]
'Burson Audio Playmate 2' : [burson_pm2_loopback]
'BUSAX JS81' : [busax js81]
'CAL! SE' : [cal se]
'Calcini Sweatpro 3' : [calcini sweatpro 3]
'Cambridge Audio Melomania 1+' : [cambridge audio melomania 1+]
'Campfire Audio Andromeda' : [oratory campfire audio andromeda, campfire andromeda pre-2020, campfire audio andromeda 2019]
'Campfire Audio Andromeda 2020' : [campfire andromeda 2020, campfire audio andromeda 2020, cfa andromeda 2020]
'Campfire Audio Andromeda S' : [campfire audio andromeda s]
'Campfire Audio Ara' : [campfire audio ara]
'Campfire Audio Comet' : [oratory campfire audio comet, campfire audio comet]
'Campfire Audio Dorado 2020' : [campfire audio dorado 2020]
'Campfire Audio Holocene' : [campfire audio holocene, oratory campfire audio holocene]
'Campfire Audio Honeydew' : [campfire audio honeydew, oratory campfire audio honeydew]
'Campfire Audio Io' : [oratory campfire audio io, campfire audio io]
'Campfire Audio Mammoth' : [campfire audio mammoth]
'Campfire Audio Onyx' : [campfire audio onyx]
'Campfire Audio Orbit' : [campfire audio orbit]
'Campfire Audio Pathfinder' : [campfire audio pathfinder]
'Campfire Audio Polaris' : [oratory campfire audio polaris, campfire audio polaris]
'Campfire Audio Saber' : [campfire audio saber, campfire saber]
'Campfire Audio Satsuma' : [campfire audio satsuma]
'Campfire Audio Solaris 2020' : [campfire solaris 2020]
'Campfire Audio Solaris Stellar Horizon' : [campfire audio solaris stellar horizon]
'Campfire Audio Supermoon' : [campfire audio supermoon]
'Campfire Audio Supermoon Universal' : [campfire supermoon universal]
'Campfire Audio Trifecta' : [campfire audio trifecta]
'Campfire Audio Vega' : [oratory campfire audio vega, campfire audio vega]
'Canal Works CW-U02' : [cwu22]
'Canal Works CW-U77' : [cwu77]
'Canpur JF-1' : [canpur joyfull 1]
'Carot One' : [carot one]
'Cat Ear Hitam' : [catear hitam]
'Cat Ear Meow' : [cat ear meow]
'Cat Ear Mia' : [cat ears mia]
'Cayin Fantasy' : [cayin fantasy]
'Cayin YB04' : [cayin yb04]
'CCA A1O' : [cca a10]
'CCA C10' : [cca c10]
'CCA C10 Pro' : [cca c10 pro, cca c10pro]
'CCA C12' : [cca c12]
'CCA C16' : [cca c16]
'CCA CA10' : [cca ca10]
'CCA CA16' : [cca ca16]
'CCA CA2' : [cca ca2, cca ca2v2]
'CCA CA24' : [cca ca24]
'CCA CKX' : [cca ckx]
'CCA CRA' : [cca cra, cca cra s2, cra]
'CCA CRA+' : [cca cra +, cca cra plus, cca cra+]
'CCA CS16' : [cca cs16]
'CCA CSA' : [cca csa]
'CCA CSN' : [cca csn, cca csnv2]
'CCA CST' : [cca cst]
'CCA CX10' : [cca cx10]
'CCA CX4' : [cca cx4]
'CCA CXS' : [cca cxs]
'CCA FLA' : [cca fla]
'CCA HM20' : [cca hm20]
'CCA Lyra' : [cca lyra]
'CCA NRA' : [cca nra]
'CCA PLA13' : [cca pla, cca pla13]
'CCZ Coffeebean' : [ccz coffee bean]
'CCZ Emerald' : [ccz emerald]
'CCZ Melody' : [ccz melody]
'CCZ Plume' : [ccz plume]
'CCZ Warrior' : [ccz warrior]
'CHIKYU-SEKAI 2/COSMOS' : [chikyu-sekai 2cosmos]
'Cleer FLOW II' : [cleer flow ii]
'Cleer Roam' : [cleer roam]
'Co-Donguri Brass' : [co-donguri brass]
'Co-Donguri Shizuku' : [co-donguri shizuku]
'Colorfly Quintet' : [colorfly quintet]
'Cozoy HERA C103' : [cozoy hera c103]
'Creative Aurvana Trio LS' : [creative aurvana trio ls]
'Creative EP-630' : [creative ep-6309]
'Custom Art FIBAE 1' : [custom art fibae go 1]
'Custom Art FIBAE 3x3' : [custom art fibae 3x3]
'Custom Art FIBAE 5' : [custom art fibae 5]
'Custom Art FIBAE 7' : [custom art fibae 7]
'Custom Art FIBAE 7 Unlimited' : [custom art fibae 7 unlimited, custom art fibae 7u]
'CVJ Angel Wings' : [cvj angel wings]
'CVJ CSA' : [cvj csa]
'CVJ CSK' : [cvj csk]
'CVJ CSN' : [cvj csn]
'CVJ Mirror' : [cvj mirror]
'CVJ River' : [cvj river]
'CVJ Shine' : [cvj shine]
'Cyberdrive IMPACT DURA Bass' : [cyberdrive impdurbass9]
'DAISO AL-001' : [daiso al-001]
'DAISO AL-002' : [daiso al-002]
'DAISO AL-003' : [daiso al-003]
'DAISO AL-004' : [daiso al-004]
'DAISO AL-005' : [daiso al-005]
'DAISO EV-001' : [daiso ev-001]
'DB Monroe' : [db monroe]
'dbE PR500' : [dbe pr500]
'ddHiFi Janus' : [ddhifi janus]
'ddHiFi Janus2' : [ddhifi janus 2]
'Dethonray Tender 1' : [dethonray tender 1]
'Devialet Gemini' : [devialet gemini]
'Direm E3' : [direm e3]
'DITA Perpetua' : [dita perpetua]
'DQSM' : [dqsm hermit]
'Dressage 6+1' : [dressage 6+1]
'DROP Plus' : [massdrop plus, mdplus, oratory massdrop plus universal iem]
'DROP x Dan Clark Audio Aeon Closed X' : [drop + dan clark audio aeon closed x]
'DROP x Etymotic ERX' : [etymotic erx, drop x etymotic erx]
'DROP x Hifiman Bolt' : [hifiman bolt]
'DROP x JVC FWX1' : [jvc fwx1]
'DROP x Noble Universe' : [massdropxnoble univ]
'DROP x Nuforce EDC3' : [edc3, oratory nuforce edc3, nuforce edc3]
'DROP x Sennheiser HD 6XX' : [sennheiser x drop hd 6xx]
'DUNU DM-380' : [dunu 380]
'DUNU DM-480' : [dunu dm-480]
'DUNU DN-1000' : [dunu dn-1000]
'DUNU EST 112' : [dunu est 112, dunu est112, resolve dunu est112 gras]
'DUNU Falcon Pro' : [dunu falcon pro]
'DUNU KIMA' : [dunu kima]
'DUNU SA3' : [dunu sa03, dunu sa3]
'DUNU SA6' : [dunu sa6, resolve dunu sa6 gras]
'DUNU SA6 MK.2' : [dunu sa6 mk2, dunu sa6 mkii]
'DUNU SA6 Ultra' : [duna sa6 ultra, dunu sa6 ultra, resolve dunu sa6 ultras gras]
'DUNU Talos' : [dunu talos]
'DUNU Titan 5' : [dunu titan 5]
'DUNU Titan S' : [dunu titan s, dunu titan, dunu titans, resolve dunu titan s gras, resolve dunu titan s foam silicone]
'DUNU Vernus' : [dunu vernus]
'DUNU Vulkan' : [dunu vulka, dunu vulkan]
'DUNU Zen' : [dunu zen, resolve dunu zen pro gras]
'DUNU Zen Pro' : [dunu zen pro]
'DZAT DF-10' : [dzat df-10]
'EarFun Free Pro' : [resolve earfun free pro oluv edition gras, earfun free pro oluv edition, earfun free pro, oratory earfun free pro]
'EarSonics ONYX' : [earsonics onyx]
'ECCI YST-02' : [ecci yst-02]
'Echobox Audio Finder X1' : [echobox finderx1]
'Echobox Audio Nomad N1' : [echobox nomadn1bk]
'Echobox Audio Traveler T1' : [echobox travelert1]
'Edifier NeoBuds PRO' : [edifier ambient, edifier high noise, edifier normal]
'Edifier NeoBuds S' : [edifier neobuds s]
'Edifier Stax Spirit S3' : [edifier stax spirit s3]
'Edifier W240TN' : [edifier w240tn]
'Edifier WH950NB' : [edifier wh950nb]
'EDL Mini Piano' : [edl mini piano]
'Effect Audio Axiom' : [effect audio axiom]
'Elecom EHP-CH1000' : [elecom ehp-ch1000]
'Elecom EHP-CH3000' : [elecom ehp-ch30009]
'Elecom EHP-CS200A' : [elecom ehp-cs200a]
'Elecom EHP-GB10AGD' : [elecom ehp-gb10a]
'Elecom EHP-GB2000MBK' : [elecom ehp-gb2000]
'Electra Earbuds' : [electra earbuds]
'Elise Audio Sample '1' Deep' : [sample 1 deep]
'Elysian Acoustic Labs Diva' : [elysian diva]
'Elysian Acoustic Labs X' : [elysian x, ely x]
'Elysian Acoustic Labs x Effect Audio Gaea' : [gaea, effect audio gaea, ely-x-effect-gaea-, elysian gaea]
'Elysian Acoustic Labs X Elise' : [elysian x elise]
'Elysion Acoustic Labs Annihilator' : [elysian annihilator x, elysian annihilator, elysian ann, elysian accoustic annihilator 2021, ciem anni, ciem anni l2, ciem anni l3]
'Empire Ears Bravado MKII' : [empire ears bravado mkii]
'Empire Ears ESR MKII' : [empire ears esr mkii]
'Empire Ears Legend Evo' : [empire ears legend evo, empire ears evo]
'Empire Ears Legend X' : [empire ears legend x, empire ears lx, legendx]
'Empire Ears Odin' : [ee odin, empire ears odin, odin fix]
'Empire Ears Valkyrie MKII' : [empire ears valkyrie mkii]
'Eono EonoBuds 2' : [eono eonobuds2]
'EPZ Audio Q1' : [epz q1]
'Etymotic ER2SE' : [er2se, etymotic er2se, oratory etymotic er2se]
'Etymotic ER2SR' : [oratory etymotic er2sr, er2sr, etymotic er2sr]
'Etymotic ER2XR' : [etymotic er2xr, etyotic er2xr, oratory etymotic er2xr]
'Etymotic ER3SE' : [oratory etymotic er3se, er3se, etymotic er3se]
'Etymotic ER3XR' : [er3xr, oratory etymotic er3xr]
'Etymotic ER4S' : [etymotic er4s, ety er-4s]
'Etymotic ER4SR' : [er4sr, etymotic er4sr, oratory etymotic er4sr]
'Etymotic ER4XR' : [er4xr, etymotic er4xr, oratory etymotic er4xr]
'Etymotic ETY Kids' : [etymotic ety kids]
'Etymotic Evo' : [etymotic evo, oratory etymotic evo]
'Etymotic HF5' : [oratory etymotic hf5, etymotic hf5]
'Etymotic MK5' : [etymotic mk5]
'EZAudio D4' : [ezaudio d4]
'EZAudio X3' : [ezaudio x3]
'EZEAR Q70Y' : [ezear q70y]
'EZEAR X12' : [ezear x12]
'FAAEAL Hibiscus' : [faaeal hibiscus]
'FAAEAL Poppy' : [faaeal poppy]
'Fat Freq 400 Filt' : [fat freq 400 filt]
'Fat Freq Grand Maestro' : [fat freq gm, ff gm]
'Fat Freq Harmony' : [fatfreq harmony]
'Fat Freq Maestro Mini' : [fat freq, fatfreq maestro mini]
'Fat Freq Maestro SE' : [fat freq mae see, fat freq meastro se, fatfreq maestro se]
'Fearless Audio ACME 10' : [fearless audio acme 10]
'Fearless Audio Barcelona' : [fearless barcelona]
'Fearless Audio Dawn' : [fearless audio dawn, fearless dawn]
'Fearless Audio Provence' : [fearless provence]
'Fearless Audio Roland' : [fearless roland]
'Fearless Audio S6Rui' : [fearless audio s6 v2]
'Fearless Audio S8F' : [fearless audio s8f]
'Fearless Audio S8P' : [fearless s8p]
'Fearless Audio Shangrila' : [fearless shangrila]
'Fender NINE' : [fender nine]
'Fender PureSonic Wireless' : [fender puresonicwireless]
'Fengru PT1' : [fengru pt1]
'Fengru QZX-A1' : [fengru qzx-a1]
'FIDUE Sirius' : [fidue sirius]
'Fifine H6' : [fifine h6]
'Fiil T1 Lite' : [fiil t1 lite]
'Fiil T1 Pro' : [fiil t1 pro]
'FiiO EM5' : [fiio em5]
'FiiO F1' : [fiio f1]
'FiiO FA1' : [fiio fa1, fiio fa1j]
'FiiO FA7' : [oratory fiio fa7, fiio fa7]
'FiiO FA7s' : [fiio fa7s]
'FiiO FA9' : [oratory fiio fa9, fiio fa9]
'FiiO FA9 Pro' : [fiio fa9 pro]
'FiiO FD3' : [fiio fd3]
'FiiO FD5' : [fiio fd5]
'FiiO FD7' : [fiio fd7]
'FiiO FH1' : [fiio fh1, oratory fiio fh1]
'FiiO FH15' : [fiio fh15]
'FiiO FH3' : [fiio fh3, oratory fiio fh3]
'FiiO FH5' : [fiio fh5, oratory fiio fh5]
'FiiO FH5S' : [fh5s, fiio fh5s]
'FiiO FH7' : [fiio fh7]
'FiiO FH7s' : [fiio fh7s]
'FiiO FHE:Eclipse' : [fiio fhe, fiio x crinacle fhe, fiio x crinacle fhe eclipse]
'FiiO FT3' : [fiio ft3]
'FiiO FW5' : [fiio fw5]
'FiiO JD3' : [fiio jd3, fiio x jadeaudio jd3]
'FiiO JD7' : [fiio jd7, jd7]
'FiiO JH3' : [fiio jh3]
'Final Audio A4OOO' : [a4k, final a4000, final audio a4000]
'Final Audio A8000' : [oratory final audio a8000, final audio a8000]
'Final Audio Adagio III' : [final audio adagio iii, oratory final audio adagio iii]
'Final Audio B3' : [final audio b3, final b3]
'Final Audio E1000' : [e1000, final audio e1000, final e1000, oratory final audio e1000]
'Final Audio E2000' : [final audio e2000, final e2000]
'Final Audio E3000' : [final audio e3000, oratory final audio e3000]
'Final Audio E4000' : [final audio e4000, final e4000, oratory final audio e4000]
'Final Audio E500' : [final audio e500, final e500, oratory final audio e500]
'Final Audio E5000' : [final audio e5000, oratory final audio e5000]
'Final Audio F3100' : [final audio f3100, oratory final audio f3100]
'Final Audio Heaven IV' : [oratory final audio heaven iv, audio heaven iv]
'Final Audio Heaven V' : [oratory final audio heaven v, final audio heaven v]
'Final Audio UX3000' : [final ux3000, oratory final audio ux3000]
'Final Audio VR3000' : [final audio vr3000, final vr3000]
'Final Audio x EVA2020' : [eva2020 x final, final audio fi-eva2020, final eva2020]
'Final Audio ZE3000' : [final ze3000]
'Final Audio ZE8000' : [final ze8000]
'FiR Audio Krypton 5' : [fir kr5, fir audio kr5, kr5]
'FiR Audio M4' : [fir audio m4]
'FiR Audio M5' : [fir audio m5]
'FiR Audio Neon 4' : [fir ne4, fir audio ne4, ne4]
'FiR Audio Radon 6' : [fir audio rn6]
'FiR Audio VxV' : [fir vxv, fir audio vxv]
'FiR Audio Xenon 6' : [fir audio xenon xe6, fir audio ciem xenon 6, fir audio xe6, fir audio xenon 6]
'FitEar MH335DW' : [fitear mh335 dw]
'Flare Audio Flares Pro' : [flare audio flares pro]
'FLC 8P' : [flc 8p]
'FLC DD31' : [flc dd31]
'FloAudio Calla' : [floaudio calla]
'FloAudio Lily' : [floaudio lily]
'Focal Bathys' : [focal bathys]
'Focal Elegia' : [elegia]
'Focal Elex' : [elex]
'Focal Utopia' : [focal utopia]
'Focus Audio EDM' : [focus edm]
'Focus Audio Vocal' : [focus audio vocal]
'Fonge X2 Pro' : [fonge x2 pro]
'Fostex TE-02n' : [fostex te02n]
'FZ Audio Liberty Max' : [fz audio liberty max]
'FZ Audio Liberty Z2' : [fz audio liberty z2]
'G-Most E8' : [g-most e89]
'Geek Wold GK10' : [geek wold gk10, geek world gk10, geekwold gk10, gk10]
'Geek Wold GK100' : [geek wold gk100, gk100]
'Geek Wold GK3' : [geek wold gk3]
'Geek Wold GK80' : [geek wold gk80]
'GeekFly GF10' : [geekfly gf10]
'GeekFly GF8S' : [geekfly gf8s]
'GEVO GV3' : [gevo gv3]
'Gizaudio Mystery 010' : [mystery 010]
'GK G1' : [g1]
'GK GS10' : [gk gs10]
'GK GS5' : [gk gs5]
'GK GST' : [gk gst]
'Glidic TW-3000' : [glidic tw-3000]
'Glidic TW-5100' : [glidic tw-5100]
'Goldplanar AMT 16' : [goldpl cus, goldpl, goldplan, goldplanar amt]
'Goldplanar GL12' : [goldplanar gl12]
'Goldplanar GL20' : [goldplanar gl20]
'Google Pixel Buds Pro' : [resolve pixel buds pro gras, pixel buds pro]
'GR-2CP' : [raptgo gr-2cp]
'GR-40CP' : [raptgo - 40cp]
'Grado GT220' : [oratory grado gt220, grado gt220]
'Gravastar Sirius' : [gravastar sirius]
'GS Audio GD11' : [gs audio gd11]
'GS Audio GD3A' : [gs audio gd3a]
'GS Audio GD3C' : [gs audio gd3c]
'GS Audio GD5' : [gs audio gd5]
'GS Audio GT12' : [gs audio gt12]
'GS Audio GT12x' : [gs audio gt12x]
'GS Audio SD9' : [gs audio sd9]
'GS Audio SE11' : [gs audio se11]
'GS Audio SE12' : [gs audio se12]
'GS Audio ST1' : [gs audio st1]
'GuideRay GR-i18' : [gr-i18, guideray gr-i18]
'Hakii Action' : [hakii action]
'HarmonicDyne Athena' : [harmonicdyne athena]
'HarmonicDyne Devil' : [harmonicdyne devil]
'HarmonicDyne G200' : [harmonicdyne g200]
'HarmonicDyne P.D.1' : [harmonicdyne pd1]
'HarmonicDyne Poseidon' : [harmonicdyne poseidon]
'HarmonicDyne Zeus' : [harmonicdyne zeus]
'Haylou GT1' : [haylou gt1]
'Haylou GT1 Plus' : [haylou gt1plus]
'Haylou GT2' : [haylou gt2]
'HBB Sample '11'' : [sample 1, sample 11]
'HBB Sample '22'' : [sample 2, sample 22]
'HBB Sample '250' : [sam 250]
'HBB Sample '3'' : [sample 3]
'HBB Sample '4'' : [sample 4]
'HBB Sample '42'' : [sample 42]
'HBB Sample '7'' : [sample 7]
'HBB Sample 'BL'' : [sample bl]
'HBB Sample 'H' Silver' : [sample hs]
'HBB Sample 'HB'' : [sample hb]
'HBB Sample 'K'' : [sam k]
'HBB Sample 'KH'' : [sam kh]
'HBB Sample 'KL'' : [sam kl]
'HBB Sample 'Q no fil'' : [sam no fil]
'HBB Sample 'Qb'' : [sam b]
'HBB Sample 'Qn'' : [sam n]
'HBB Sample 'Rin'' : [sample rin]
'HBB Sample 'Rxcap 2'' : [sam rxcap 2 da]
'HBB Sample 'Rxcap'' : [sam rxcap]
'HBB Sample 'S'' : [sample s]
'HBB Sample 'TR B'' : [sample tr b]
'HBB Sample 'TR'' : [sample tr]
'HBB Sample 'Z'' : [sam z]
'HBB Sample Unit' : [sample]
'HEAD Corded Earbuds' : [head corded earbuds]
'Hear+Hi Acuity Duo' : [hear+hi acuity duo]
'Heartfield DEER' : [deer, heartfield deer]
'Hessian TWS7' : [hessian tws7]
'Hiby Crystal6' : [hiby crystal6]
'Hiby Crystal6 II' : [hiby crystal6 ii]
'Hiby Lasya' : [hiby lasya]
'Hiby Seeds' : [hiby seeds]
'Hiby Seeds II' : [hiby seeds 2]
'Hidition Viento' : [oratory hidition viento, hidition viento]
'Hidition Viento-B' : [hidition viento b, hidition viento-b]
'Hidition Violet' : [hidition violet]
'Hidizs MD4' : [hidizs md4]
'Hidizs MM2' : [hidizs mermaid mm2, hidizs mm2]
'Hidizs MS2' : [hidizs ms2]
'Hidizs MS4' : [hidizs ms4]
'Hidizs MS5' : [hidizs ms5, ms5]
'HiFiMAN Ananda' : [hifiman ananda]
'HiFiMAN Arya' : [hifiman arya]
'HiFiMAN Arya Stealth' : [hifiman arya stealth]
'Hifiman Deva' : [deva]
'HiFiMAN Deva Pro' : [hifiman deva pro]
'HiFiMAN Edition XS' : [hifiman edition xs]
'HiFiMAN HE-R10D' : [hifiman he-r10d]
'HiFiMAN HE-R9' : [hifiman he-r9]
'HiFiMAN HE1000SE' : [hifiman he1000se]
'HiFiMAN HE400SE' : [hifiman he400se]
'HiFiMAN RE-400' : [hifiman re 400]
'HiFiMAN RE-600' : [hifiman re600 v2]
'HiFiMAN RE-600s v2' : [hifiman re600s v2, oratory hifiman re600s]
'HiFiMAN RE2000 Pro' : [hifiman re2000 pro]
'HiFiMAN RE800' : [hifiman r800, hifiman re800]
'HiFiMAN Shangri-La Jr' : [hifiman shangri-la jr]
'HiFiMAN Shangri-La Sr' : [hifiman shangri-la sr]
'HiFiMAN Sundara 2022' : [hifiman sundara 2022]
'HiFiMAN Susvara' : [hifiman susvara]
'HiFiMAN Svanar' : [hifiman svanar]
'HiFiMAN TWS800' : [hifiman tws800]
'HiFri 1+3' : [hifri hybrid]
'Hisenior B5+' : [hisenior b5+]
'Hisenior FE3U' : [hisenior fe3u]
'Hisenior Mega5P' : [hisenior mega5p]
'Hisenior T2' : [hisenior t2]
'Hisenior T2 Classic' : [hisenior t2 classic, hisenior t2c]
'HS Audio Tech HSAT' : [hs audio tech]
'Huawei FreeBuds 4i' : [oratory huawei freebuds 4i, huawei freebuds 4i]
'Huawei FreeBuds 5i' : [5i]
'Huawei FreeBuds Pro 2' : [huawei freebuds pro 2, huawei freebuds proo 2]
'Humka Hamlet M' : [humka hamlet]
'HZSound Bell Rhyme' : [earbuds - hzsound bell rhyme]
'HZSound Heart Mirror' : [hzsound heartmirror, hzsound heart mirror, hzhm, heart mirror, hz heartmirror, hz sound heart mirror]
'HZSound Heart Mirror Pro' : [hzsound hmpro, hzsound heart mirror pro, heart mirror pro, hz heartmirror pro, hz sound heart mirror pro, hz sound pro]
'HZSound Waist Drum' : [hzsound waist drum, hzsound waistdrum9]
'HZSound Zero' : [hz sound zero, hzsound zero]
'IBasso iT00' : [ibasso it00]
'IBasso iT01X' : [ibasso it01x]
'IBasso iT04' : [ibasso it04]
'IBasso SR3' : [ibasso sr3]
'IEM' : [name1, name2, name3]
'iF Audio 11' : [if audio 11]
'iF Audio 31' : [if audio 31]
'iF Audio 51' : [if audio 51]
'iF Audio D2' : [if audio d2]
'iF Audio D5' : [if audio d5]
'iHip ANZU' : [ihip anzu]
'iKKO Asgard OH5' : [ikko asgard, ikko oh5]
'iKKO Gems OH1S' : [ikko gems oh1s, ikko oh1s]
'iKKO Meteor OH1' : [ikko oh1, oratory ikko oh1]
'iKKO Obsidian OH10' : [ikko oh10, oratory ikko oh10]
'iKKO Opal OH2' : [ikko oh2, ikko opal oh02, ikko opal oh2]
'IMR Astra' : [asura, imr astra]
'InEar Pro Mission X' : [inear pmx, inear pro mission x]
'InEar Prophile 8' : [oratory inear prophile-8, inear prophile-8]
'InTime Go' : [intime go]
'InTime Sho' : [sho]
'InTime Sora' : [intime sora, intime sora 2019]
'InTime Sora 2' : [intime sora 2, intime sora29, intime sora2fixed]
'InTime Sora Light' : [intime sora light, intime sora light 2019, intime soralight2019]
'InTime Sora Midnight' : [intime sora midnight]
'InTime Sora Ti3' : [intime sorati3]
'InTime Todoroki GO' : [intime todoroki go]
'ISN D10' : [isn d10]
'ISN H40' : [isn h40]
'ISN H50' : [isn h50]
'ISN Rambo II' : [isn rambo ii]
'ITK *Unknown Model*' : [itk unknown]
'ItsFit Fusion' : [itsfit fusion]
'Jabra Elite 5' : [jabra elite 5]
'Jabra Elite 7 Pro' : [jabra elite 7 pro, oratory jabra elite 7 pro]
'Jabra Elite 75T' : [oratory jabra elite 75t, jabra elite 75t]
'Jabra Evolve 75E' : [oratory jabra evolve 75e, jabra evolve 75e]
'Jade Audi EA1' : [jadeaudio ea1]
'Jade Audio EA3' : [jade audio ea3]
'Jaybird X3' : [jaybird x3]
'JBL Endurance Run' : [jbl endurance run, jbl endurancerun]
'JBL Free X' : [oratory jbl free x, jbl free x]
'JBL T200A' : [oratory jbl t200a, jbl t200a]
'JBL Tune 110' : [jbl tune 110]
'JBL Tune 710 BTNC' : [710 btnc]
'JBuds Pro' : [jbuds pro]
'Jcally AT1' : [at1]
'Jcally EP05' : [ep05]
'Jcally JC10' : [jcally jc10]
'JH Audio Jolene' : [jh jolene]
'JH Audio Layla' : [jh audio layla]
'JH Audio TriFi' : [jh trifi]
'Jomo GT600' : [jomo gt600]
'Joyodio Shine' : [joyaudio shine, joyodio shine, shine]
'JPride 1984 Premium Freedom' : [jpride 1984premium]
'JQ Audio 4U' : [jq 4u, jq audio 4u]
'JQ Audio 4U Pro' : [jq 4upro, jq audio 4u pro]
'JQ Audio Hua Jiang' : [jq audio hua jiang]
'JQ Audio White Knight' : [jq audio white knight]
'Juzear 41T' : [juzear 41t]
'JVC FDX1' : [jvc fdx1]
'JVC FX1100' : [jvc 1100]
'JVC HA-A50T' : [jvc ha-a50toff]
'JVC HA-A7T' : [jvc ha-a7t]
'JVC HA-FD02' : [jvc fd02]
'JVC HA-FR15' : [ha-fr15-h]
'JVC HA-FW01' : [oratory jvc ha-fw01, jvc ha-fw01]
'JVC HA-FW10000' : [fw10k, jvc fw10000, oratory jvc ha-fw10000]
'JVC HA-FW1800' : [oratory jvc ha-fw1800, jvc ha-fw1800]
'JVC HA-FX6' : [jvc ha-fx6]
'JVC HA-FX7' : [jvc fx7]
'K's Earphone LBBS' : [ksearphone lbbs, lbbs2]
'KBear Aurora' : [kb ear aurora, kbear aurora]
'KBear Believe' : [kb ear believe, kbear believe, kbear believev2]
'KBear Diamond' : [kb ear diamond, kbear diamond, kbear diamondv2]
'KBear Dumpling' : [kbear dumpling]
'KBear F1' : [kbear f1]
'KBear Ink' : [kbear ink]
'KBear KB04' : [kb04, kbear kb04, kbear kb04v2]
'KBear KB06' : [kbear kb06]
'KBear KS1' : [kbear ks1, kbear ks19, kbear ks1v2]
'KBear KS2' : [kb ear ks2, kbear ks2, kbear ks2v2]
'KBear Lark' : [kbear lark, kbear larkearly9]
'KBear Lark '4k' Version' : [kbear lark4k, kbear lark4kv2]
'KBear Little Q' : [kbear little q, kbear littleq]
'KBear Neon' : [kb ear neon, kbear neon]
'KBear Ormosia' : [kbear ormosia]
'KBear OS1 Pro' : [kbear os1 pro]
'KBear Qinglong' : [kbear q, kbear qinglong]
'KBear Robin' : [kb ear robin, kbear robin]
'KBear Rosefinch' : [kbear rosefinch]
'KBear ST1' : [kbear st1, kbear st19]
'KBear Stellar' : [kbear stellar]
'KBear Storm' : [kb ear storm, kbear storm]
'KiiBOOM Allure' : [kiiboom allure]
'KiiBOOM Evoke' : [kiiboom evoke]
'KIMAFUN' : [kimafun]
'Kinden UE' : [kinden ue]
'Kinera Baldr' : [kinera baldr]
'Kinera BD005' : [kinera bd005]
'Kinera BD005 Pro' : [kinera bd005 pro, kinera bd005pro]
'Kinera Celest Gumiho' : [kinera celest, kinera celest gumiho]
'Kinera Celest Pandamon' : [kinera celest pandamon, celest pandamon, kinera pandamon]
'Kinera Freya' : [kinera freya]
'Kinera Hodur' : [kinera hodur]
'Kinera Idun Golden' : [kinera idun golden]
'Kinera Imperial Skuld' : [kinera skuld]
'Kinera Imperial Urd' : [kinera urd]
'Kinera Nanna 2.0' : [kinera nanna 2, kinera nanna 2.0, kinera nanna2, kinera nanna 2.1 z-tune edition]
'Kinera Norn' : [kinera norn]
'Kinera Sif' : [kinera sif]
'Kinera Tyr' : [kinera tyr, kinera tyr9]
'Kinera YH802' : [kinera yh802]
'Kiwi Ears Cadenza' : [kiwi cadenza, kiwi ears cadenza, kiwiears cadanza]
'Kiwi Ears New' : [kiwi ears new]
'Kiwi Ears Orchestra' : [kiwi ears orchestra, kiwi orchestra, kiwi ears]
'Kiwi Ears Orchestra Lite' : [kiwi ears orchestra lite, kiwi orchestra lite, kiwiears orchestra lite]
'KK1 BA' : [kki 1 ba]
'Klipsch S4' : [klipsch s4]
'Koast Audio Mithi' : [koast audio mithi]
'KOSS KEB90' : [koss keb90]
'KOSS KPH40' : [koss kph40]
'KOSS The Plug' : [koss theplug]
'Kotori Audio Dauntless' : [kotori dauntless]
'Kotori Audio Vampire' : [kotori vampire]
'KSOUND EP-K05' : [ksound ep-k05]
'KZ AS06' : [kz as06, kz as06-2020]
'KZ AS10' : [kz as10]
'KZ AS12' : [kz as12, kz as12r22]
'KZ AS16' : [kz as16]
'KZ AS16 Pro' : [kz as16 pro, kz as16pro, kz as16pro22, kz as16prohi-imp, kz as16r22]
'KZ ASF' : [kz asf, kz asfv2, asf 3ba 2way, asf flat]
'KZ AST' : [kz ast]
'KZ ASX' : [kz asx, kz asx9, kz asxv2, asx 10ba 2way]
'KZ ATE' : [kz ate, oratory kz ate]
'KZ ATR' : [kz atr]
'KZ BA10' : [kz ba10]
'KZ CRN' : [kz crn, kz x crinacle crn]
'KZ CRN ZEXPro' : [kz crn zexpro, resolve kz zex pro crn gras]
'KZ D-Fi' : [kz d-fi, kz dfi]
'KZ DQ6' : [kz dq6]
'KZ DQ6S' : [kz dq6s, kz hbb dq6s, kz x hbb dq6s]
'KZ DQS' : [kz dqs]
'KZ ED16' : [kz ed16]
'KZ ED9' : [kz ed9]
'KZ EDA' : [kz eda]
'KZ EDC' : [kz edc]
'KZ EDCX' : [kz edcx]
'KZ EDR1' : [kz edr1]
'KZ EDS' : [kz eds]
'KZ EDSE' : [oratory kz edse, kz edse]
'KZ EDX' : [kz edx, kz edxv2]
'KZ EDX Pro' : [kz edx pro]
'KZ EDX Ultra' : [kz edx ultra]
'KZ ES4' : [kz es4, oratory kz es4]
'KZ ESX' : [kz esx]
'KZ H10' : [kz h10]
'KZ Ling Long' : [kz linglong, kz linlong, kz linlong mp]
'KZ PR1' : [kz pr1]
'KZ PR1 HiFi' : [kz pl1 hifi, kz pr1 hifi]
'KZ PR1 Pro' : [kz pr1 pro, pr1 pro]
'KZ S1' : [kz s1]
'KZ S1D' : [kz s1d]
'KZ SA08' : [kz sa08]
'KZ SK10' : [kz sk10]
'KZ SK10 Pro' : [kz sk10 pro]
'KZ T10' : [kz tc10]
'KZ VX10' : [kz vx10]
'KZ VXS' : [kz vxs]
'KZ Z1' : [kz z1]
'KZ Z3' : [kz z3]
'KZ ZAR' : [kz zar]
'KZ ZAS' : [kz zas]
'KZ ZAX' : [kz zax]
'KZ ZES' : [kz zes]
'KZ ZEX' : [kz zex, kz zex stock]
'KZ ZEX Pro' : [kz zex pro, kz zexpro]
'KZ ZNA' : [kz zna]
'KZ ZS10' : [kz zs10, oratory kz zs10]
'KZ ZS10 Pro' : [kz zs10 pro, kz zs10 prov2, ks zs10 pro]
'KZ ZS10 Pro X' : [kz zs10 pro x]
'KZ ZS4' : [kz zs4]
'KZ ZS5' : [kz zs5]
'KZ ZS6' : [kz zs6]
'KZ ZS7' : [kz zs7, oratory kz zs7]
'KZ ZSA' : [kz zsa9]
'KZ ZSE' : [kz zse]
'KZ ZSN' : [kz zsn, kz zsnv2]
'KZ ZSN Pro' : [kz zsn pro, kz zsn prov2, kz zsnpro, oratory kz zsn pro]
'KZ ZSN Pro X' : [kz zsn pro x, kz zsnprox, kz zsn pro xv2]
'KZ ZSR' : [kz zsr]
'KZ ZST' : [kz zst, kz zstv2, oratory kz zst]
'KZ ZST X' : [kz zst x, kz zstx, kz zstxv2]
'KZ ZSX' : [kz zsx, kz zsxv2]
'KZ ZVX' : [kz zvx]
'Lafitear LF1' : [lafitear lf1]
'LBBS Earbud' : [earbuds - lbbs]
'Leaf D01' : [raptgo leaf]
'Leisurely Audio E16' : [leisurely audio e16]
'Leisurely Audio L6' : [leisurely audio l6]
'Leisurely Audio L8' : [leisurely audio l8]
'Lenovo HF130' : [lenovo hf130]
'Lenovo Thinkplus XT98' : [lenovo xt98]
'Letshouer 'Kinda Lava' EJ07M' : [shuoer ej07klc, letshuoer kl, shuoer ej07kl, shuoer ej07kln, shuoer ej07m kinda lava, shuoer ej07m kl, shuoer kinda lava, letshouer ej07m lava, letshouer ej07m kinda lava, letshuoer ej07m lava, letshuoer ej07m kinda lava]
'Letshouer Cadenza 12' : [letshuoer 12, letshuoer cadenza, letshuoer cadenza 12]
'Letshouer Conductor' : [shuoer conductor r, shuoer conductor, letshuoer conductor]
'Letshouer D13' : [shuoer d13, letshuoer d13]
'Letshouer EJ07' : [shuoer ej07, letshuoer ej07]
'Letshouer EJ07M' : [shuoer ej07m, , letshuoer ej07m, 07m, 07m_retune, ej07_custom, ej07_custom1, ej07m, ej_sb, letshuoer ej07]
'Letshouer EJ09' : [shuoer ej09, letshuoer ej09]
'Letshouer Galileo' : [shuoer galileo, letshuoerxgizaudio galileo, letshuoer x gizaudio galileo, g, galileo retail, letshuoer galileo]
'Letshouer OGK' : [shuoer ogk]
'Letshouer S12' : [shuoer s12, s12, resolve letshouer s12 gras, letshuoer s12, oratory shouer s12, shouer s12]
'Letshouer S12 Pro' : [shuoer s12 pro, letshuoer s12 pro]
'Letshouer Singer' : [letshuoer singer]
'Letshouer Soloist' : [shuoer soloist, letshuoer soloist]
'Letshouer Tape' : [shuoer tape, oratory shuoer tape, shuoer tape]
'Letshouer Tape Pro' : [shuoer tape pro, letshuoer tape pro]
'Letshouer Z12' : [shuoer z12, shu z12, letshuoer z12, resolve letshouer z12 gras]
'LG HBS800' : [lg hbs800]
'Light Harmonic Mera' : [oratory light harmonic mera, light harmonic mera]
'Lime Ears Aether R' : [lime ears aether r]
'Lime Ears Anima' : [lime ears anima, anima, limeears anima]
'Lime Ears Pneuma' : [lime ears pneuma]
'Little Dot GYFU' : [little dot gyfu raw]
'LREY Portable Music Nectar' : [lrey nectar]
'Lypertek Bevi' : [lypertek bevi]
'Lypertek Levi' : [lypertek levi]
'Lypertek Mevi' : [lypertek mevi]
'Lypertek PurePlay Z3' : [lypertek pureplay z3, lypertek tevi]
'Lypertek PurePlay Z5' : [lypertek pureplay z5]
'Lypertek PurePlay Z7' : [lypertek pureplay z7]
'LZ A2 Pro' : [lz a2 pro]
'LZ A4 Pro' : [lz a4 pro, lza4 pro]
'LZ A6' : [lz a6]
'LZ A6 Mini' : [lz a6 mini]
'LZ A7' : [lz a7]
'LZ AX' : [lz ax]
'LZ Z04A' : [lz z04a]
'LZ Z05A' : [lz z05a, oratory lz hi-fi audio z05a]
'M-Audio Studiophile Q40' : [m - audio q40]
'Mackie MP-320' : [mackie mp-320]
'Mackie MP-360' : [oratory mackie mp-360, mackie mp-360]
'Mackie MP-460' : [mackie mp-460]
'Madoo Type 512' : [madoo type 512]
'Madoo Type 711' : [madoo t711]
'Magaosi K3' : [magaosi k3]
'Magaosi K5' : [magaosi k5]
'Magaosi V3' : [magaosi v3]
'Mangird Xenns Tea' : [mangird, mangird tea]
'Mangird Xenns Tea MKII' : [mangird tea 2]
'Mangird Xenns Top' : [dummy mangird top, mangird top]
'Mangird Xenns Up' : [mangird xenns up]
'MEE Audio M6 Pro 2ng Gen' : [mee audio m6 pro 2g]
'MEE Audio Pinnacle PX' : [oratory mee audio pinnacle px, mee audio pinnacle px]
'MEE Audio X20' : [mee x20]
'Meeture MT3' : [meeture mt3]
'Meizu Live' : [meizu live]
'Melatonin DIY 4BA' : [diy 846 4ba]
'Melatonin DIY 4BA 1DD' : [diy 846 4ba1dd, diy sk846]
'Melatonin DIY 5BA' : [se846-5ba diy, diy 5ba, diy 846 k5ba, diy846 wooeasy ee846]
'Melatonin DIY 6BA' : [diy 6ba]
'Melatonin DIY 8BA' : [diy 8ba]
'Memt R1' : [memt r1]
'Meze Audio 12 Classics V2' : [meze 12 classics v2]
'Meze Audio 99 Neo' : [meze 99 neo]
'Meze Audio Advar' : [meze audio advar]
'Meze Audio Liric' : [meze liric]
'Meze Audio Rai Penta' : [oratory meze rai penta, meze rai penta]
'Meze Audio Rai Solo' : [meze rai solo, oratory meze rai solo]
'Mi True Wireless Earbuds Basic 2' : [mi true wireless earbuds basic 2]
'Mikubuds Mikubuds' : [miku buds]
'MiM Audio Dark Magician' : [mim dm, dm, mim audio dark magician, mim dark magician, mim dark magician og]
'MiM Audio Dark Magician 2' : [dm2, mim dark magician v2]
'Mixx Earphones' : [mixx earphones]
'MMR Thummim' : [mmr thummim]
'Moji Monica H2O' : [moji monica h2o]
'Monoprice M350' : [oratory monoprice m350, monoprice m350]
'Monoprice Monolith M-TWE' : [monoprice monolith m-twe]
'Monoprice Monolith M1070C' : [monoprice m1070c]
'Moondrop A8' : [moondrop a8]
'Moondrop Alice' : [moondrop alice]
'Moondrop Aria' : [aria, moondrop aria]
'Moondrop Aria Snow Edition' : [aria snow, moondrop aria snow]
'Moondrop Blessing' : [oratory moondrop blessing, moondrop blessing]
'Moondrop Blessing 2' : [resolve blessing 2 gras, oratory moondrop blessing 2, moondrop blessing2, moondrop blessing 2, md b2, moondrop b2]
'Moondrop Blessing 2: Dusk' : [resolve blessing 2 dusk gras, oratory moondrop blessing 2 dusk, moondrop dusk, moondrop blessing 2 dusk, moondrop b2d, moondrop b2 dusk, md b2 dusk, blessing 2 dusk, blessing2_dusk, dusk]
'Moondrop Blessing 3' : [moondrop blessing 3, md b3]
'Moondrop Chu' : [oratory moondrop chu, moondrop chu, chu]
'Moondrop Crescent' : [oratory moondrop crescent, moondrop crescent]
'Moondrop Droplet' : [moondrop droplet, moondrop the droplet]
'Moondrop Droplet DSP' : [md droplet dsp]
'Moondrop Illumination' : [moondrop illumination, illu, illumination]
'Moondrop IX' : [moondrop ix]
'Moondrop Kanas Pro' : [moondrop kanas pro]
'Moondrop Kato' : [resolve moondrop kato gras, mooondrop kato, moondrop kato, kato]
'Moondrop KXXS' : [moondrop kxxs, kxxs, md kxxs]
'Moondrop KXXX' : [resolve moondrop kxxx gras, moondrop kxxx, md kxxx]
'Moondrop Lan' : [moondrop lan]
'Moondrop Nekocake' : [moondrop nekocake]
'Moondrop Quarks' : [oratory moondrop quarks, moondrop quarks]
'Moondrop Quarks DSP' : [moondrop quarks dsp, md quarks dsp, quarks dsp]
'Moondrop S8' : [moondrop s8]
'Moondrop Solis' : [moondrop solis]
'Moondrop Spaceship' : [moondrop spaceship]
'Moondrop Sparks' : [moondrop sparks]
'Moondrop SSP' : [moondrop ssp]
'Moondrop SSR' : [moondrop ssr]
'Moondrop Stardust' : [moondrop stardust]
'Moondrop Starfield' : [oratory moondrop starfield, moondrop  starfield, moondrop starfield]
'Moondrop Stellaris' : [moondrop stellaris]
'Moondrop Variations' : [broken variations, moondrop variations]
'Moondrop Venus' : [moondrop venus]
'Moondrop Void' : [moondrop void]
'Mr Lee 5+2' : [mr lee 5+2]
'Mr Lee Arouse D8' : [mr lee arouse d8]
'Mr Water Aria' : [mr water aria]
'Mulazo BT1019-m' : [mulazo bt1019-m]
'Muse HiFi ME1' : [muse x hiby me1, musehifi me1]
'Muse HiFi Power' : [muse hifi power, muse power, musehifi power]
'Naga Audio Sirius' : [naga audio sirius]
'Nagaoka P608' : [nagaoka p608]
'Nagaoka P609' : [nagaoka p609]
'Nagaoka P902' : [nagaoka p902]
'Nagaoka P905' : [nagaoka p905]
'Nagaoka P908' : [nagaoka p908]
'ND NSK' : [nd nsk]
'Nectar Hivex' : [nectar hivex]
'Newbsound 32Pro' : [newbsound 32pro]
'NF Audio NA1' : [nf audio na1]
'NF Audio NA2' : [nf audio na2]
'NF Audio NA2+' : [nf  na2 plus, nf audio n2+, nf audio na2+, nfaudio na2+]
'NF Audio NA3' : [nf audio na3]
'NF Audio NF3U' : [nfaudio nf3u]
'NF Audio NM2' : [nf audio nm2, nfaudio nm2]
'NF Audio NM2+' : [nf audio nm2+, nfaudio nm2+]
'NiceHCK DB1' : [nicehck db1]
'NiceHCK DB3' : [nicehck db3, nicehck db39]
'NiceHCK EB2S' : [nicehck eb2s]
'NiceHCK F1' : [nicehck f1, nice hck f1]
'NiceHCK Lofty' : [nicehck lofty]
'NiceHCK M5' : [nicehck m5]
'NiceHCK M6' : [nicehck m6]
'NiceHCK N3' : [nicehck n3]
'NiceHCK NX7 MK3' : [nicehck nx7mk3]
'NiceHCK NX7 MK4' : [nicehck nx7 mk4]
'NiceHCK NX7 Pro Red fil' : [nicehck nx7peoed]
'NiceHCK Topguy' : [nicehck topguy]
'NiceHCK Traceless' : [nicehck traceless]
'NiceHCK X49' : [nicehck x49]
'NiceHCK Youth' : [nicehck youth]
'Noble Audio K10' : [oratory noble audio k10 ciem, noble audio k10 ciem]
'Noble Audio Kublai Khan' : [noble audio kublai khan]
'Noble Audio Sultan' : [noble sultan]
'Noble Audio Viking Ragnar' : [noble audio viking ragnar]
'Nokia E3511' : [nokia e35119]
'Nostalgia Audio Camelot' : [nostalgia audio camelot]
'Notbrand Notblon' : [notbrand notblon]
'Nothing Ear (2)' : [nothing ear 2]
'NS Audi NS5 MKII Extra Bass' : [ns audio ns5mkii bass]
'NS Audio NS3' : [ns audio ns3, oratory ns audio ns3]
'NuForce Stride' : [oratory nuforce stride, nuforce stride]
'Nyk Nemesis Aurora' : [nyk aurora]
'oBravo Cupid' : [oratory obravo cupid, obravo cupid]
'oBravo Ra 21 C-Cu' : [obravo ra 21 c-cu]
'OKCSC ED10' : [okcsc ed10]
'Omniwave Alpha' : [omniwave alpha]
'Omniwave Eunoia' : [omniwave eunoia]
'OneOdio A10' : [oneodio a10]
'OnePlus Bullets Wireless 2' : [oneplus bullets 2]
'Open Audio Alkaid' : [open audio alkaid]
'Open Audio Mercury' : [open audio mercury, openaudio mercury]
'Openheart A2' : [openheart a2]
'Openheart IE800' : [openheart ie800]
'Openheart Resin' : [openheart resin]
'Opera Factory OM1' : [operafactory om01]
'OPPO Enco X' : [oratory oppo enco x, oppo enco x]
'OPPO Enco X2' : [enco x2 - classic, oratory oppo enco x2]
'OPPO MH150' : [mh150]
'Oriolus 2nd gen' : [oriolus 2nd gen]
'Oriolus Finschi' : [oriolus finschi]
'Oriolus Isabellae' : [oriolus_isabellae, oriolus isabellae]
'Oriolus Percivali' : [oriolus percivali]
'Oriolus Reborn' : [oriolus reborn]
'Oriolus Szalayi' : [oriolus szalayi]
'Oriolus Traillii' : [oriolus trailli, oriolus traillii]
'Oriveti O400' : [oriveti o400]
'Oriveti OV800' : [oriveti ov800 00]
'Ostry KC06A' : [ostry kc06a]
'Ourart Wine' : [ourart wine]
'Ovidius RX-100' : [ovidius rx-100, ovidius rx100]
'Ovidius TX-901' : [ovidius tx-901]
'Padmate Pamu Z1' : [padmate pamu z1]
'Paiaudio DR2' : [paiaduio dr2, paiaudio dr2]
'Panasonc RP-HJE120' : [oratory panasonic rp-hje120, panasonic rp-hje120]
'Panasonic RP-HJE125' : [rp-hje125e-k]
'Panasonic RP-HJE150' : [panasonic rp-hje150]
'Panasonic RP-HJE270E' : [rp-hje270e]
'Panasonic RP-HJE50' : [panasonic rp-hje50]
'Peacock Audio Flight' : [peacock flight]
'Peacock Audio P1' : [peacock audio p1]
'Penon Audio Fan' : [penon fan]
'Penon Audio Fan 2' : [penon fan 2]
'Penon Audio Globe' : [penon globe]
'Penon Audio Impact' : [penon impact]
'Penon Audio Orb' : [penon orb]
'Penon Audio Serial' : [penon serial]
'Penon Audio Sphere' : [penon sphere]
'Penon Audio Volt' : [penon volt]
'Penon Audio Vortex' : [penon vortex]
'Periodic Audio BE' : [oratory periodic audio be, periodic audio be, periodic audio beryllium]
'Periodic Audio Carbon' : [oratory periodic audio carbon, periodic audio carbon]
'Philips Fidelio X2HR' : [philips fidelio x2hr]
'Philips Fidelio X3' : [philips fidelio x3]
'Philips SHE3590PK' : [philips she3590pk]
'Philips SHE3855' : [oratory philips she3855, philips she3855]
'Philips SHE9500' : [philips she9500]
'Philips SHS8000' : [oratory philips shs8000, philips shs8000]
'Phonak Audeo PFE 112' : [phonak audeo pfe 112]
'Pioneer SE-CL120' : [pioneer se-cl20]
'Plextone XMOWI RX1' : [plextone rx1]
'PlusSound Allegro' : [plussound allegro]
'PMV PP' : [pmv pp]
'Prisma Audio Azul' : [prisma audio azul, prisma azul]
'PROfundo Focus 01' : [profundo focus01]
'Project HRP' : [project hrp]
'Project Red' : [not project red, project red]
'Pusheen Buds' : [pusheen buds]
'QCY T18' : [qcy t18]
'QDC 4SS' : [4ss]
'QDC 8SS' : [qdc 8ss]
'QDC Anole V14' : [qdc anole v14, qdc v14]
'QDC Anole VX' : [anole vx 000, qdc anole vx]
'QDC Folk' : [qdc folk]
'QDC Gemini' : [qdc gemini]
'QDC Neptune' : [qdc neptune]
'QDC T1c' : [qcy t1c]
'QDC Uranus' : [qdc uranus]
'QianYun Qian39' : [qianyun qian39, qian39]
'QKZ AK6' : [qkz ak6]
'QKZ AK6 Ares' : [qkz ak6-aers]
'QKZ AK6 Max' : [qkz ak6 max]
'QKZ AK6 Pro' : [qkz ak6 pro]
'QKZ AK6 Zeus' : [qkz ak6-zeus]
'QKZ CK10' : [qkz ck10]
'QKZ CK5' : [qkz ck5]
'QKZ Khan' : [qkzxhbb, qkz hbb, qkz khan, qkz qkz x hbb, qkz x hbb, qkz x hbb kahn, qkz x hbb1]
'QKZ VK4' : [qkz vk4, qkz vk4 revised, qkz vk4old, oratory qkz vk4, qkz vk4]
'QKZ ZAX 2' : [qkz zax 2]
'QKZ ZX2' : [qkz zx2]
'QKZ ZX3' : [qkz zx3]
'QKZ ZXD' : [qkz zxd]
'QKZ ZXD X' : [qkz zxd x]
'QKZ ZXN' : [qkz zxn]
'QKZ ZXR X' : [qkz zxr x]
'QKZ ZXT' : [qkz zxt]
'Qudelix QX-Over' : [oratory qudelix qx-over, qudelix qx-over]
'Queen of Audio Adonis' : [qoa adonis]
'Queen of Audio Affinity' : [qoa affinity]
'Queen of Audio Gimlet' : [qoa gimlet]
'Queen of Audio Margarita' : [qoa magarita, qoa margarita]
'Queen of Audio Mojito' : [qoa mojito]
'Queen of Audio Mojito 2' : [qoa mojito 2]
'Queen of Audio Prototype 1' : [qoa prototype 1]
'Queen of Audio Prototype 2' : [qoa prototype 2]
'Queen of Audio Sunrise' : [qoa sunrise]
'Queen of Audio Vesper' : [qoa vesper]
'Radius HP NEF-11' : [radius hp-nef11]
'Radius HP-NEF31' : [radius nef 31]
'Raptgo Hook-X' : [resolve raptgo hook x gras, raptgo x hbb hook x, hookx, raptgo hbb hook-x, raptgo hook x, raptgo hook-x, raptgo hook, raptgo huk x]
'Raycon E25' : [raycon e25]
'Redeyes Not DM' : [redeyes not dm]
'Redeyes Not O2' : [redeyes not o2]
'Reecho GT09s' : [reecho gy09s]
'Reecho Insects Awaken' : [reecho insects awaken]
'Reecho Ova SG-01' : [reecho sg-01 ova]
'Reecho SG-01' : [reecho sg-01, reecho sg01]
'Reecho SG-03' : [reecho sg-03, reecho sg03]
'Reecho Spring 1' : [reecho spring 1]
'RevoNext QT2' : [revonext qt2]
'RevoNext QT5' : [revonext qt5]
'RevoNext RH-215' : [revonext rh-215]
'RevoNext RX8' : [revonext rx8]
'RikudouGoku DIY 10mm Bio' : [10mm bio, 10mm bio v1, 10mm bio v2, 10mm bio v3, 10mm bio v4, 10mm bio v5]
'Rock Zircon' : [oratory rock zircon, rock zircon]
'Rode NTH-100' : [rode nth100]
'Rose Technics Aura Evo' : [rose technic aura evo, rose technics aura]
'Rose Technics Mini2 MKII 2.0' : [rose mini2 mkii 2.0]
'Rose Technics Photon' : [rose technic photon]
'Rose Technics QT-7 Pro2' : [roset qt7 pro 2]
'Rose Technics QT-9 MK2' : [rose qt9 mk2, rose technics qt9 mk2, roset qt9 mk2]
'Rose Technics QT-9 MK2S' : [rose qt9 mk2s]
'Rose Technics QT-X' : [roset qtx]
'RY4S MMCX Plus 32' : [ry4s mmcx plus 32]
'Samsung *Fake* EO-IH955' : [eo-ig955 fake]
'Samsung Earphones Tuned by AKG' : [samsung earphones]
'Samsung EO-IC100' : [eo-ic100]
'Samsung EO-IC500' : [oratory samsung eo-ic500 anc type-c, samsung eo-ic500]
'Samsung EO-IG955' : [oratory samsung eo-ig955, samsung eo-ig955]
'Samsung Galaxy Buds' : [samsung galaxy buds]
'Samsung Galaxy Buds 2' : [resolve galaxy buds2 pro active anc gras, oratory samsung galaxy buds2, samsung galaxy buds2]
'Samsung Galaxy Buds Plus' : [samsung galaxy buds plus, oratory samsung galaxy buds plus, samsung galaxy buds plus]
'Samsung Galaxy Buds Pro' : [samsung galaxy buds pro, gbuds pro, oratory samsung galaxy buds, samsung galaxy buds]
'Samsung Galaxy Buds2 Pro' : [samsung galaxy buds2 pro, samsung buds2 pro]
'Seda Plateada' : [plateada]
'See Audio Anou JP' : [seeaudio anoujp]
'See Audio Bravery' : [bravery, seeaudio bravery]
'See Audio Bravery AE' : [seeaudio bravery ae, seeaudio bravery ale]
'See Audio Kaguya' : [seeaudio kaguya]
'See Audio Neo' : [seeaudio neo]
'See Audio Rinko' : [seeaudio x z review rinko, seeaudio rinko]
'See Audio Yume' : [seeaudio yume]
'See Audio Yume II' : [seeaudio yume 2, seeaudio yume ii, seeaudio yume2]
'See Audio Yume: Midnight' : [seeaudio yumemidnight, seeaudio yume midnight, seeaudio x crinacle yume midnight, seeaudio x crinacle midnight, seeaudio midnight, resolve seeaudio yume midnight gras, seeaudio yume midnight]
'SeekReal Audio Airship' : [seek real airship, seekreal airship]
'SeekReal Audio Dawn' : [seek real dawn, seekreal dawn]
'SeekReal Audio Dawn Pro' : [seek real dawn pro]
'SeekReal Audio Fusion' : [seek real fusion]
'SeekReal Audio Proser' : [seek real proser]
'Semkarch SKC-CNT1' : [semkarch cnt]
'Sendy Audio Peacock' : [sendy peacock]
'Senfer DT6' : [senfer dt6, senfer dt9]
'Senfer DT6 Max' : [senfer dt6 max]
'Senfer DT6 Pro' : [senfer dt6 pro, senfer dt6 prov2, senfer dt6pro9]
'Senfer KP580' : [senfer kp580]
'Senfer MT300' : [senfer mt300]
'Sennheiser CX 2.00' : [oratory sennheiser cx 2.00, sennheiser cx 2.00]
'Sennheiser CX 3.00' : [oratory sennheiser cx 3.00, sennheiser cx 3.00]
'Sennheiser CX 400bt' : [oratory sennheiser cx 400bt, sennheiser cx 400bt, sennheiser cx 400bt tws]
'Sennheiser CX 80S' : [sennheiser cx80s]
'Sennheiser CX True Wireless' : [sennheiser cx true wireless]
'Sennheiser HD598' : [sennheiser hd 598]
'Sennheiser HD600' : [hd600, sennheiser hd600]
'Sennheiser IE200' : [sennheiser ie200, ie200, sennheiser ie 200]
'Sennheiser IE300' : [sennheiser ie300, sennheiser ie 300]
'Sennheiser IE4' : [oratory sennheiser ie 4, sennheiser ie 4]
'Sennheiser IE40 Pro' : [sennheiser ie 40 pro, oratory sennheiser ie 40 pro, sennheiser ie 40 pro]
'Sennheiser IE600' : [sennheiser ie600, sennheiser ie 600, ie600, resolve sennheiser ie600 gras, sennheiser ie600]
'Sennheiser IE80' : [sennhieser ie80]
'Sennheiser IE800' : [sennheiser ie800, oratory sennheiser ie 800, sennheiser ie 800]
'Sennheiser IE800S' : [oratory sennheiser ie 800 s, sennheiser ie 800 s]
'Sennheiser IE80S' : [oratory sennheiser ie 80 s, sennheiser ie 80 s]
'Sennheiser IE900' : [sennheiser ie900, sennheiser ie 900, oratory sennheiser ie 900, sennheiser ie 900]
'Sennheiser Momentum In-Ear' : [oratory sennheiser momentum in-ear, sennheiser momentum in-ear]
'Sennheiser Momentum True Wireless' : [oratory sennheiser momentum true wireless, sennheiser momentum true wireless]
'Sennheiser Momentum True Wireless 2' : [sennheiser mtw2, sennheiser momentum true wireless 2, oratory sennheiser momentum true wireless 2, sennheiser momentum true wireless 2]
'Sennheiser Momentum True Wireless 3' : [sennheiser momentum tw3, sennheiser momentum true wireless 3, sennheiser momentum 3, oratory sennheiser momentum true wireless 3, sennheiser momentum true wireless 3]
'Sennheiser OCX 685' : [oratory sennheiser ocx 685, sennheiser ocx 685]
'SG Airline IEM' : [sg airline iem]
'SGOR Venus' : [sgor venus]
'Shanling AE3' : [shanling ae3]
'Shanling ME700' : [shanling me700 lite]
'Shanling ME80' : [shanling me80]
'Shanling ME800' : [shanling me800]
'Shanling MTW300' : [shanling mtw300]
'Shortbus 'Mystery IEM 2'' : [mystery iem 2]
'Shortbus 'Mystery IEM'' : [mystery iem]
'Shortbus 'Not 02'' : [not 02]
'Shortbus 'Not DM'' : [not_dm]
'Shortbus 'Not Tanya'' : [not_tanya]
'Shortbus Autumn' : [shortbus autumn]
'Shortbus C2' : [shortbus c2]
'Shortbus Eru' : [shortbus eru]
'Shortbus Letshouer EJ07' : [shortbus ej07sb]
'Shortbus Letshouer S12' : [s12_sb]
'Shortbus Motu Rig Calibrated' : [motu_calibrated_loopback]
'Shortbus Ola' : [ola_olina_200]
'Shortbus Olina' : [olina_tanya, shortbus olina]
'Shortbus Olina Magician' : [olina magician]
'Shortbus S12 Prometheus' : [shortbus prometheus]
'Shortbus Unknown Soldier' : [shortbus unknownsoldier]
'Shozy B2' : [shozy b2]
'Shozy Black Hole Mini Stainless' : [shozy black hole mini stainless]
'Shozy Ceres' : [shozy ceres]
'Shozy CP' : [shozy cp]
'Shozy Elsa' : [shozy elsa]
'Shozy Form 1.1' : [shozy 11, shozy form 1.1]
'Shozy Form 1.4' : [shozy 14]
'Shozy Pola39' : [shozy pola39]
'Shozy Rouge' : [shozy rouge]
'Shozy V33' : [shozy v33]
'Shozy x Neo BG' : [shozy neo bg]
'Shure E2c' : [shure e2c]
'Shure KSE1200' : [oratory shure kse1200, shure kse1200]
'Shure KSE1500' : [oratory shure kse1500, shure kse1500]
'Shure SE112' : [oratory shure se112, shure se112]
'Shure SE215' : [oratory shure se215, shure se215]
'Shure SE535' : [oratory shure se535, shure se535]
'Shure SE846' : [oratory shure se846, shure se846]
'Skullcandy Inkd 2.0' : [inkd 2.0]
'Smabeat Proto 1.0 Green' : [proto1 green]
'Smabeat Proto 1.0 Red' : [proto1 red]
'Softears Cerberus' : [oratory softears cerberus, softears cerberus]
'Softears RS10' : [oratory softears rs10, softears rs10, rs10]
'Softears RSV' : [resolve softears rsv gras, softears rsv]
'Softears Turii Ti' : [moondrop turii ti, softears turii ti]
'Softears Twilight' : [moondrop twilight, softears twilight]
'Softears Volume' : [moondrop volume, softears volume]
'Sony *Fake* MH755' : [mh755 fake]
'Sony IER-M7' : [oratory sony ier-m7, sony ier-m7]
'Sony IER-M9' : [oratory sony ier-m9, sony ier-m9]
'Sony IER-Z1R' : [oratory sony ier-z1r, sony ier-z1r]
'Sony MDR EX1000' : [ex1000, oratory sony mdr-ex1000, sony mdr-ex1000]
'Sony MDR-7550' : [oratory sony mdr-7550, sony mdr-7550]
'Sony MDR-EX10' : [oratory sony mdr-ex10, sony mdr-ex10]
'Sony MDR-EX15AP' : [mdr-ex15ap]
'Sony MDR-EX15LP' : [mdr-ex15, oratory sony mdr-ex15lp, sony mdr-ex15lp]
'Sony MDR-XB50' : [oratory sony mdr-xb50, sony mdr-xb50]
'Sony MDR-XB55AP' : [mdr-xb55ap]
'Sony MDR-XB80BS' : [oratory sony mdr-xb80bs, sony mdr-xb80bs]
'Sony MH750' : [oratory sony mh750, sony mh750]
'Sony MH755' : [mh755, oratory sony mh755, sony mh755]
'Sony WF-1000X' : [oratory sony wf-1000x, sony wf-1000x]
'Sony WF-1000XM3' : [oratory sony wf-1000xm3, sony wf-1000xm3]
'Sony WF-1000XM4' : [oratory sony wf-1000xm4, sony wf-1000xm4]
'Sony WF-C500' : [oratory sony wf-c500, sony wf-c500]
'Sony WF-XB700' : [oratory sony wf-xb700, sony wf-xb700]
'Sony WI-1000X' : [oratory sony wi-1000x, sony wi-1000x]
'Sony XBA-H3' : [oratory sony xba-h3, sony xba-h3]
'Sony XBA-N1M' : [oratory sony xba-n1m, sony xba-n1]
'Sony XBA-N3' : [oratory sony xba-n3, sony xba-n3]
'Soundpeats Mini Pro HS' : [mini pro hs]
'Stax SR-003 MKII' : [oratory stax sr-003mk2, stax sr-003mk2]
'Super* Reviews 'Pre-Prod 03'' : [pre-prod 03]
'Symphonium Helios' : [helios, symphonium helios]
'Symphonium Meteor' : [resolve symphonium meteor gras, symphonium meteor]
'Tanchjim Ola' : [ola]
'Tanchjim Oxygen' : [oxy]
'Tangzu Audio Zetian Wu' : [resolve tangzu zetian wu gras, tangzu zetian wu]
'Tansio Mirai TSMR Land' : [land bass, land, land treble]
'Targets' : [harman target, ghost target, freeryder05v2 target, free field target, flat target, evasb target, etymotic target, ej target, dynamicears target, diffuse field target, df tilt 711 ref target, df tilt 711 ref, dentreviews target, dent target, crin neutra, crinacle 2023 adjusted target, crinacle adjusted target, crinacle ief-neutral target, crinacle neutral 2023 target, crinacle neutral target, crinacle target, crackhead target, comfy target, coda target, cammyfi target, cammyfi neutral target, bry audio reviews target, banbeucmas target, bad guy target v2, bad guy target, bad guy 2022 target, target, acho reviews target, alpha 1.0 target, amelie target, animagus neutral target, animagus preference target, antdroid target, autoeq target, average reviewe, ax target]
'TFZ T2 Galaxy' : [oratory tfz t2 galaxy, tfz t2 galaxy]
'TGXEar Serratus' : [serratus]
'TGXEar Serratus Pro' : [serratus pro]
'ThieAudio Clairvoyance' : [clairvoyance, resolve thieaudio clairvoyance gras, thieaudio clairvoyance]
'ThieAudio Divinity V16' : [resolve thieaudio v16 divinity gras, thieaudio v16 divinity]
'ThieAudio Elixir' : [resolve thieaudio elixir gras, thieaudio elixir]
'ThieAudio Excalibur' : [excalibur]
'ThieAudio Monarch' : [resolve monarch gras, monarch, oratory thieaudio monarch, thieaudio monarch]
'ThieAudio Monarch MKII' : [resolve monarch mk2 gras, monarch mk2]
'ThieAudio Oracle' : [oracle, resolve thieaudio oracle gras, thieaudio oracle]
'ThieAudio Oracle MKII' : [resolve oracle mk2 gras, oracle mkii]
'Tin HiFi P1' : [oratory tin hifi p1, tin hifi p1]
'Tin HiFi P1 Max' : [p1 max]
'Tin HiFi T2' : [oratory tin hifi t2, tin hifi t2]
'Tin HiFi T2 Plus' : [oratory tin hifi t2 plus, tin hifi t2 plus]
'Tin HiFi T3' : [oratory tin hifi t3, tin hifi t3]
'Tripowin Olina' : [olina, olina1dot, olina2dot, oratory tripowin olina, tripowin olina]
'TRN BA5' : [ba5]
'Tronsmart Apollo Bold' : [apollo bold]
'Tronsmart Onyx Free' : [onyx free]
'Tronsmart Onyx Neo' : [onyx neo]
'Truthear HEXA' : [hexa, resolve truthear hexa gras, truthear hexa]
'Truthear Zero' : [resolve truthear zero gras, truthear zero]
'Ultimate Ears Reference Monitor' : [oratory ultimate ears reference monitor, ultimate ears reference monitor]
'Unique Melody 2HT' : [2ht]
'Unique Melody MEST JP' : [mestjp]
'Unique Melody MEST MKII' : [mest mk ii]
'V-Moda ZN' : [oratory v-moda zn, v-moda zn]
'Vision Ears Elysium' : [oratory vision ears elysium, vision ears elysium]
'Vision Ears Erlkonig' : [oratory vision ears erlkonig, vision ears erlkonig]
'Vivo XE800' : [oratory vivo xe800, vivo xe800]
'Vsonic VS7' : [oratory vsonic vs7, vsonic vs7]
'Westone UM3X' : [oratory westone um3x, westone um3x]
'Westone W10' : [oratory westone w10, westone w10]
'Xiaomi Mi' : [oratory xiaomi mi anc, xiaomi mi anc]
'Xingshenglong DIY E3000' : [diy e3000]
'Xingshenglong DIY E4000' : [diy e4000]
'XINHS Erasmus' : [erasmus]
'Yanyin Canon' : [canon]
'YU9 Audio U-556' : [556]